Clone,Treatment,Kairomone,UVR,Mother_ID,Sex,Instar,Neck_teeth_count,Bump_score,Body_length,Body_width,Spina_length
P5,P5_Kairomone,+Kairomone,−UVR,P5_Kairomone_2,Female,1,2,C,0.7106484,0.4116691,0.24622273
P5,P5_Kairomone,+Kairomone,−UVR,P5_Kairomone_2,Female,1,1,C,NA,NA,NA
P5,P5_Kairomone,+Kairomone,−UVR,P5_Kairomone_2,Female,1,2,C,0.6967304,0.3902528,0.25145058
P5,P5_Kairomone,+Kairomone,−UVR,P5_Kairomone_2,Female,1,3,C,0.6570226,0.3807605,0.22183983
P5,P5_Kairomone,+Kairomone,−UVR,P5_Kairomone_2,Female,1,2,C,NA,NA,NA
P5,P5_Kairomone,+Kairomone,−UVR,P5_Kairomone_2,Female,1,2,C,0.6804866,0.3811012,0.2278278
P5,P5_Kairomone,+Kairomone,−UVR,P5_Kairomone_2,Female,1,1,C,0.6719424,0.3746538,0.22944533
P5,P5_Kairomone,+Kairomone,−UVR,P5_Kairomone_2,Female,1,3,C,0.7144681,0.404651,0.2521849
P5,P5_Kairomone,+Kairomone,−UVR,P5_Kairomone_2,Female,1,2,B,0.6731001,0.353482,0.25086934
P5,P5_Kairomone,+Kairomone,−UVR,P5_Kairomone_2,Female,1,2,B,0.7176802,0.389787,0.2335235
P5,P5_Kairomone,+Kairomone,−UVR,P5_Kairomone_2,Female,2,0,A,0.8241929,0.4450521,0.23452158
P5,P5_Kairomone,+Kairomone,−UVR,P5_Kairomone_2,Female,2,0,A,0.8270573,0.4503851,0.20832545
P5,P5_Kairomone,+Kairomone,−UVR,P5_Kairomone_2,Female,2,0,A,0.9099753,0.53143,0.25041633
P5,P5_Kairomone,+Kairomone,−UVR,P5_Kairomone_2,Female,1,1,B,0.6686076,0.3661672,0.26095982
P5,P5_Kairomone,+Kairomone,−UVR,P5_Kairomone_8,Female,1,3,C,0.7388438,0.4381245,0.25392837
P5,P5_Kairomone,+Kairomone,−UVR,P5_Kairomone_8,Female,1,3,C,0.6777111,0.401496,0.24145985
P5,P5_Kairomone,+Kairomone,−UVR,P5_Kairomone_8,Female,1,2,B,0.6647391,0.3669106,0.22060803
P5,P5_Kairomone,+Kairomone,−UVR,P5_Kairomone_8,Female,1,2,B,0.7289822,0.4239373,0.25654665
P5,P5_Kairomone,+Kairomone,−UVR,P5_Kairomone_8,Female,1,3,B,0.7301961,0.4215199,0.22960081
P5,P5_Kairomone,+Kairomone,−UVR,P5_Kairomone_8,Female,1,2,B,0.7138867,0.3925735,0.25298121
P5,P5_Kairomone,+Kairomone,−UVR,P5_Kairomone_8,Female,1,2,B,0.7203332,0.4058038,0.23854017
P5,P5_Kairomone,+Kairomone,−UVR,P5_Kairomone_8,NA,1,2,B,NA,NA,NA
P5,P5_Kairomone,+Kairomone,−UVR,P5_Kairomone_8,Female,1,4,C,0.7439066,0.4592934,0.24145985
P5,P5_Kairomone,+Kairomone,−UVR,P5_Kairomone_8,Female,1,3,C,0.7260749,0.4307241,0.23992334
P5,P5_Kairomone,+Kairomone,−UVR,P5_Kairomone_8,Female,2,0,A,0.8902974,0.4979223,0.22060803
P5,P5_Kairomone,+Kairomone,−UVR,P5_Kairomone_8,Female,2,3,B,0.8902974,0.5043312,0.17185527
P5,P5_Kairomone,+Kairomone,−UVR,P5_Kairomone_8,Female,2,0,A,0.8622199,0.5238677,0.23185047
P5,P5_Kairomone,+Kairomone,−UVR,P5_Kairomone_5,Male,1,4,C,0.7428243,0.4372053,0.27102173
P5,P5_Kairomone,+Kairomone,−UVR,P5_Kairomone_5,Male,1,2,C,0.7254983,0.4290564,0.28665817
P5,P5_Kairomone,+Kairomone,−UVR,P5_Kairomone_5,Male,1,1,B,0.7285014,0.427458,0.25222349
P5,P5_Kairomone,+Kairomone,−UVR,P5_Kairomone_5,Male,1,3,C,0.7497664,0.4373834,0.25639486
P5,P5_Kairomone,+Kairomone,−UVR,P5_Kairomone_5,Male,1,3,C,0.734833,0.4276401,0.25222349
P5,P5_Kairomone,+Kairomone,−UVR,P5_Kairomone_5,Male,1,3,C,0.7326178,0.4141988,0.24395932
P5,P5_Kairomone,+Kairomone,−UVR,P5_Kairomone_5,Male,1,3,C,0.7548504,0.4440962,0.26612979
P5,P5_Kairomone,+Kairomone,−UVR,P5_Kairomone_5,Male,1,3,C,0.7448131,0.4391599,0.26745519
P5,P5_Kairomone,+Kairomone,−UVR,P5_Kairomone_5,Male,1,3,C,0.7208329,0.3982264,0.27398602
P5,P5_Kairomone,+Kairomone,−UVR,P5_Kairomone_5,Male,1,2,B,0.7644336,0.3705267,0.23944962
P5,P5_Kairomone,+Kairomone,−UVR,P5_Kairomone_5,Male,1,2,C,0.741513,0.413148,0.26451583
P5,P5_Kairomone,+Kairomone,−UVR,P5_Kairomone_5,Male,2,1,B,0.8793386,0.528817,0.2654585
P5,P5_Kairomone,+Kairomone,−UVR,P5_Kairomone_5,Male,2,1,B,0.9312627,0.5275702,0.25857452
P5,P5_Kairomone,+Kairomone,−UVR,P5_Kairomone_5,Male,2,1,A,0.9046119,0.5080228,0.27625002
P5,P5_Kairomone,+Kairomone,−UVR,P5_Kairomone_5,Male,2,3,B,0.946521,0.5482384,0.27229950000000003
P5,P5_Kairomone,+Kairomone,−UVR,P5_Kairomone_5,Male,2,1,B,0.9439057,0.5405332,0.25687521
P5,P5_Kairomone,+Kairomone,−UVR,P5_Kairomone_5,Male,2,3,B,0.9335694,0.5373127,0.28292186
P5,P5_Kairomone,+Kairomone,−UVR,P5_Kairomone_5,Male,2,2,B,0.944105,0.546935,0.27001439
P5,P5_Kairomone,+Kairomone,−UVR,P5_Kairomone_5,Male,2,3,B,0.8691116,0.511599,0.26953338
P5,P5_Kairomone,+Kairomone,−UVR,P5_Kairomone_5,Male,2,1,B,0.9070902,0.5304279,0.2552917
P5,P5_Kairomone,+Kairomone,−UVR,P5_Kairomone_5,Male,2,1,B,0.9129188,0.5442176,0.24145985
P5,P5_Kairomone,+Kairomone,−UVR,P5_Kairomone_5,Male,2,0,A,0.9001505,0.5127707,0.26102197
P5,P5_Kairomone,+Kairomone,−UVR,P5_Kairomone_5,Male,2,3,B,0.8754192,0.5139272,0.26949727
P5,P5_Kairomone,+Kairomone,−UVR,P5_Kairomone_10,Male,1,2,C,0.7282877,0.4918126,0.25280161
P5,P5_Kairomone,+Kairomone,−UVR,P5_Kairomone_10,Male,1,3,C,0.7731138,0.463624,0.25237778
P5,P5_Kairomone,+Kairomone,−UVR,P5_Kairomone_10,Male,1,1,B,0.771568,0.4602178,0.25022194
P5,P5_Kairomone,+Kairomone,−UVR,P5_Kairomone_10,Male,1,4,C,0.7655319,0.46368,0.24519289
P5,P5_Kairomone,+Kairomone,−UVR,P5_Kairomone_10,Male,1,2,C,0.7757612,0.4568856,0.23127608
P5,P5_Kairomone,+Kairomone,−UVR,P5_Kairomone_10,Male,1,3,C,0.7757194,0.4550928,0.25639486
P5,P5_Kairomone,+Kairomone,−UVR,P5_Kairomone_10,Male,1,2,C,0.7474914,0.4269644,0.27084213
P5,P5_Kairomone,+Kairomone,−UVR,P5_Kairomone_10,NA,1,2,B,NA,NA,NA
P5,P5_Kairomone,+Kairomone,−UVR,P5_Kairomone_10,NA,1,2,B,NA,NA,NA
P5,P5_Kairomone,+Kairomone,−UVR,P5_Kairomone_10,Male,2,4,B,0.972247,0.5981565,0.2552917
P5,P5_Kairomone,+Kairomone,−UVR,P5_Kairomone_10,Male,2,5,B,0.8876261,0.5833293,0.23821355
P5,P5_Kairomone,+Kairomone,−UVR,P5_Kairomone_10,Male,2,4,B,0.9388088,0.5780106,0.25503743
P5,P5_Kairomone,+Kairomone,−UVR,P5_Kairomone_10,Male,2,3,B,0.9446787,0.5752426,0.25972619
P5,P5_Kairomone,+Kairomone,−UVR,P5_Kairomone_6,Male,1,3,C,0.7519396,0.4565447,0.25986355
P5,P5_Kairomone,+Kairomone,−UVR,P5_Kairomone_6,Male,1,2,B,0.7741495,0.4503058,0.25927615
P5,P5_Kairomone,+Kairomone,−UVR,P5_Kairomone_6,Male,1,2,B,0.7305603,0.4432407,0.25857452
P5,P5_Kairomone,+Kairomone,−UVR,P5_Kairomone_6,Male,1,2,C,0.7525089,0.4511911,0.24246541
P5,P5_Kairomone,+Kairomone,−UVR,P5_Kairomone_6,Male,1,3,C,0.768577,0.4712306,0.25433686
P5,P5_Kairomone,+Kairomone,−UVR,P5_Kairomone_6,Male,1,1,B,0.752151,0.4460206,0.23318985
P5,P5_Kairomone,+Kairomone,−UVR,P5_Kairomone_6,Male,1,2,C,0.7561086,0.4282693,0.22682886
P5,P5_Kairomone,+Kairomone,−UVR,P5_Kairomone_6,Male,1,3,C,0.7639878,0.4628957,0.25433686
P5,P5_Kairomone,+Kairomone,−UVR,P5_Kairomone_6,Male,1,4,C,0.7910949,0.4279359,0.26565396
P5,P5_Kairomone,+Kairomone,−UVR,P5_Kairomone_6,Male,1,3,C,0.7433002,0.4432773,0.26924437
P5,P5_Kairomone,+Kairomone,−UVR,P5_Kairomone_6,Male,2,1,B,0.9209007,0.5524824,0.26938891
P5,P5_Kairomone,+Kairomone,−UVR,P5_Kairomone_6,Male,2,3,B,0.9422959,0.5629986,0.26961762
P5,P5_Kairomone,+Kairomone,−UVR,P5_Kairomone_6,Male,2,2,B,0.9446272,0.5609898,0.26793993
P5,P5_Kairomone,+Kairomone,−UVR,P5_Kairomone_6,Male,2,1,A,0.8574093,0.4899622,0.24664398
P5,P5_Kairomone,+Kairomone,−UVR,P5_Kairomone_3B,Female,1,3,C,0.7386374,0.4350408,0.27120122
P5,P5_Kairomone,+Kairomone,−UVR,P5_Kairomone_3B,Female,1,2,B,0.7301961,0.4294569,0.26211339
P5,P5_Kairomone,+Kairomone,−UVR,P5_Kairomone_3B,Female,1,3,C,0.7110728,0.4183061,0.23785921
P5,P5_Kairomone,+Kairomone,−UVR,P5_Kairomone_3B,Female,1,3,C,0.7123445,0.4072402,0.25579949
P5,P5_Kairomone,+Kairomone,−UVR,P5_Kairomone_3B,Female,1,3,C,0.7211074,0.4164095,0.24813889
P5,P5_Kairomone,+Kairomone,−UVR,P5_Kairomone_3B,Male,1,3,C,0.7345901,0.4403771,0.26569059
P5,P5_Kairomone,+Kairomone,−UVR,P5_Kairomone_3B,Male,1,3,C,0.7266644,0.4290564,0.24246541
P5,P5_Kairomone,+Kairomone,−UVR,P5_Kairomone_3B,Male,1,3,C,0.7404798,0.4309575,0.25758147
P5,P5_Kairomone,+Kairomone,−UVR,P5_Kairomone_3B,Male,1,3,C,0.7368565,0.436314,0.25309659
P5,P5_Kairomone,+Kairomone,−UVR,P5_Kairomone_3B,Male,1,3,C,0.7388834,0.4318599,0.25372388
P5,P5_Kairomone,+Kairomone,−UVR,P5_Kairomone_3B,Male,2,4,C,0.938477,0.5436033,0.27158374
P5,P5_Kairomone,+Kairomone,−UVR,P5_Kairomone_3B,Female,2,3,A,0.9053826,0.5339209,0.26382814
P5,P5_Kairomone,+Kairomone,−UVR,P5_Kairomone_3B,Female,2,3,B,0.8912261,0.5259813,0.25636955
P5,P5_Kairomone,+Kairomone,−UVR,P5_Kairomone_3B,Female,2,3,B,0.9637008,0.5715822,0.26349593
P5,P5_Kairomone,+Kairomone,−UVR,P5_Kairomone_3B,Male,2,3,C,0.8881267,0.5312652,0.27567399
P5,P5_Kairomone,+Kairomone,−UVR,P5_Kairomone_3B,Male,2,3,B,0.8986933,0.5128973,0.26526289
P5,P5_Kairomone,+Kairomone,−UVR,P5_Kairomone_3B,Male,2,3,B,0.8989893,0.5310453,0.2785189
P5,P5_Kairomone,+Kairomone,−UVR,P5_Kairomone_1,Male,1,2,B,0.625967,0.3526275,0.22876566
P5,P5_Kairomone,+Kairomone,−UVR,P5_Kairomone_1,Male,1,3,B,0.6503327,0.363901,0.25022194
P5,P5_Kairomone,+Kairomone,−UVR,P5_Kairomone_1,Male,1,3,B,0.6609068,0.3704304,0.24381301
P5,P5_Both,+Kairomone,+UVR,P5_Both_7,Female,2,0,A,0.8421505,0.486787,0.22993966
P5,P5_Both,+Kairomone,+UVR,P5_Both_7,Female,2,0,A,0.8473004,0.4903858,0.23951735
P5,P5_Both,+Kairomone,+UVR,P5_Both_7,Female,2,1,A,0.8125703,0.4508602,0.21399447
P5,P5_Both,+Kairomone,+UVR,P5_Both_7,Female,2,1,B,0.890414,0.5131502,0.23239553
P5,P5_Both,+Kairomone,+UVR,P5_Both_7,Female,2,0,A,0.8700815,0.5050447,0.23666967
P5,P5_Both,+Kairomone,+UVR,P5_Both_7,Female,2,0,A,0.8541872,0.5028883,0.23862175
P5,P5_Both,+Kairomone,+UVR,P5_Both_7,Female,2,0,A,0.8762119,0.5095403,0.22166427
P5,P5_Both,+Kairomone,+UVR,P5_Both_7,Female,2,1,A,0.8065957,0.4672553,0.23591456
P5,P5_Both,+Kairomone,+UVR,P5_Both_7,Female,2,1,B,0.859367,0.5015447,0.23039069
P5,P5_Both,+Kairomone,+UVR,P5_Both_7,NA,NA,0,A,NA,NA,NA
P5,P5_Both,+Kairomone,+UVR,P5_Both_2,NA,1,3,B,NA,NA,NA
P5,P5_Both,+Kairomone,+UVR,P5_Both_2,NA,1,3,B,NA,NA,NA
P5,P5_Both,+Kairomone,+UVR,P5_Both_2,NA,1,3,B,NA,NA,NA
P5,P5_Both,+Kairomone,+UVR,P5_Both_2,NA,1,4,B,NA,NA,NA
P5,P5_Both,+Kairomone,+UVR,P5_Both_2,NA,1,3,B,NA,NA,NA
P5,P5_Both,+Kairomone,+UVR,P5_Both_2,NA,1,3,B,NA,NA,NA
P5,P5_Both,+Kairomone,+UVR,P5_Both_2,NA,1,2,B,NA,NA,NA
P5,P5_Both,+Kairomone,+UVR,P5_Both_2,NA,1,4,B,NA,NA,NA
P5,P5_Both,+Kairomone,+UVR,P5_Both_2,NA,1,4,B,NA,NA,NA
P5,P5_Both,+Kairomone,+UVR,P5_Both_2,NA,1,4,B,NA,NA,NA
P5,P5_Both,+Kairomone,+UVR,P5_Both_2,Male,2,4,B,0.8983359,0.5494914,0.26385273
P5,P5_Both,+Kairomone,+UVR,P5_Both_2,Male,2,3,B,0.8911606,0.5312652,0.22986911
P5,P5_Both,+Kairomone,+UVR,P5_Both_2,Male,2,3,A,0.9060059,0.5432212,0.25878771
P5,P5_Both,+Kairomone,+UVR,P5_Both_2,Male,2,3,B,0.8817149,0.5220812,0.25427308
P5,P5_Both,+Kairomone,+UVR,P5_Both_2,Male,2,2,B,0.8562356,0.5005605,0.18343322
P5,P5_Both,+Kairomone,+UVR,P5_Both_2,Male,2,2,A,0.8932949,0.534091,0.24866129
P5,P5_Both,+Kairomone,+UVR,P5_Both_2,Male,2,2,A,0.8874068,0.5348437,0.25937622
P5,P5_Both,+Kairomone,+UVR,P5_Both_2,Male,2,1,A,0.9227026,0.5251542,0.22568181
P5,P5_Both,+Kairomone,+UVR,P5_Both_2,Male,2,0,A,0.9113397,0.538326,0.24570835
P5,P5_Both,+Kairomone,+UVR,P5_Both_2,Male,2,2,A,0.8944236,0.5465256,0.24036913
P5,P5_UVR,−Kairomone,+UVR,P5_UVR_4,Female,1,1,A,0.636421,0.3976395,0.22896411
P5,P5_UVR,−Kairomone,+UVR,P5_UVR_4,Female,1,2,A,0.6100353,0.3786674,0.09726139
P5,P5_UVR,−Kairomone,+UVR,P5_UVR_4,Female,1,2,A,0.5757162,0.3634014,0.07994289
P5,P5_UVR,−Kairomone,+UVR,P5_UVR_5,Female,1,3,B,0.6110979,0.401294,0.13900297
P5,P5_UVR,−Kairomone,+UVR,P5_UVR_5,Female,1,1,A,0.5666687,0.3207845,NA
P5,P5_UVR,−Kairomone,+UVR,P5_UVR_5,Female,1,1,A,0.7077345,0.3918456,0.21004685
P5,P5_UVR,−Kairomone,+UVR,P5_UVR_5,NA,1,0,B,NA,NA,NA
P5,P5_UVR,−Kairomone,+UVR,P5_UVR_5,NA,1,3,B,NA,NA,NA
P5,P5_UVR,−Kairomone,+UVR,P5_UVR_5,NA,1,0,B,NA,NA,NA
P5,P5_UVR,−Kairomone,+UVR,P5_UVR_6,Female,1,2,B,0.6317037,0.3566069,0.06612896
P5,P5_UVR,−Kairomone,+UVR,P5_UVR_6,Female,1,2,A,0.6356202,0.3730485,0.10952927
P5,P5_UVR,−Kairomone,+UVR,P5_UVR_6,Female,1,2,A,0.7234968,0.4296608,0.1993005
P5,P5_UVR,−Kairomone,+UVR,P5_UVR_6,Female,1,2,A,0.7442772,0.4381911,0.24728764
P5,P5_UVR,−Kairomone,+UVR,P5_UVR_6,Female,1,3,A,0.6586155,0.3873491,0.06612896
P5,P5_UVR,−Kairomone,+UVR,P5_UVR_6,Female,1,1,A,0.6769256,0.4017141,0.13653046
P5,P5_UVR,−Kairomone,+UVR,P5_UVR_6,Female,1,3,A,0.7493509,0.4431602,0.22858124
P5,P5_UVR,−Kairomone,+UVR,P5_UVR_6,Female,1,1,A,0.7420509,0.4267516,0.21349361
P5,P5_UVR,−Kairomone,+UVR,P5_UVR_6,Female,1,2,B,0.7107077,0.4062273,0.24643345
P5,P5_UVR,−Kairomone,+UVR,P5_UVR_6,Female,1,3,C,0.7331888,0.4133207,0.25700147
P5,P5_UVR,−Kairomone,+UVR,P5_UVR_6,Female,1,2,C,0.7291958,0.4114563,0.25461732
P5,P5_UVR,−Kairomone,+UVR,P5_UVR_6,Female,2,0,A,0.8184379,0.4607532,0.22254065
P5,P5_UVR,−Kairomone,+UVR,P5_UVR_6,Female,2,0,A,0.8592952,0.4803129,0.15958114
P5,P5_UVR,−Kairomone,+UVR,P5_UVR_6,Female,2,0,A,0.8493464,0.4926891,0.25212057
P5,P5_UVR,−Kairomone,+UVR,P5_UVR_6,Female,2,0,A,0.869175,0.5160312,0.24927371
P5,P5_UVR,−Kairomone,+UVR,P5_UVR_6,Female,2,0,A,0.8017548,0.4777327,0.20225733
P5,P5_UVR,−Kairomone,+UVR,P5_UVR_6,Female,1,2,A,0.7096571,0.439839,0.26276853
P5,P5_UVR,−Kairomone,+UVR,P5_UVR_6,Female,2,2,A,0.8327761,0.4680808,0.18263564
P5,P5_UVR,−Kairomone,+UVR,P5_UVR_6,Female,1,2,B,0.6006029,0.3987393,0.11990757
P5,P5_Control,−Kairomone,−UVR,P5_Control_7,Male,1,4,B,0.785337,0.4611262,0.24458352
P5,P5_Control,−Kairomone,−UVR,P5_Control_7,Male,1,1,A,0.7895474,0.4569708,0.24287982
P5,P5_Control,−Kairomone,−UVR,P5_Control_7,Male,1,2,B,0.780809,0.465377,0.26299066
P5,P5_Control,−Kairomone,−UVR,P5_Control_7,Male,1,2,A,0.7965221,0.4655861,0.24607776
P5,P5_Control,−Kairomone,−UVR,P5_Control_7,Male,1,2,A,0.7381937,0.4307768,0.22337003
P5,P5_Control,−Kairomone,−UVR,P5_Control_7,Male,1,2,B,0.7963592,0.465607,0.25787098
P5,P5_Control,−Kairomone,−UVR,P5_Control_7,Male,2,0,A,0.926979829306992,0.533520945668648,0.222573097188666
P5,P5_Control,−Kairomone,−UVR,P5_Control_7,Male,2,0,A,0.969501305050276,0.566513421471083,0.234115427317607
P5,P5_Control,−Kairomone,−UVR,P5_Control_7,Male,2,0,A,0.951312758511095,0.54496026429612,0.228679128928384
P5,P5_Control,−Kairomone,−UVR,P5_Control_7,Male,2,0,A,0.933456037915731,0.558659204720448,0.234558664915751
P5,P5_Control,−Kairomone,−UVR,P5_Control_7,Male,2,0,A,0.965565051113882,0.56780808424177,0.230920242334353
P5,P5_Control,−Kairomone,−UVR,P5_Control_7,Male,2,0,A,0.883476979879523,0.500598949731197,0.247842255273291
P5,P5_Control,−Kairomone,−UVR,P5_Control_7,Male,2,0,A,0.894813067359887,0.500218415138723,0.239042402479206
P5,P5_Control,−Kairomone,−UVR,P5_Control_7,Male,2,0,A,0.905403660515748,0.528284800402212,0.248829794246618
P5,P5_Control,−Kairomone,−UVR,P5_Control_7,Male,2,0,A,0.906301847056001,0.525665006950635,0.246365235734389
P5,P5_Control,−Kairomone,−UVR,P5_Control_6,Male,1,3,B,0.784589,0.4670817,0.25647077
P5,P5_Control,−Kairomone,−UVR,P5_Control_6,Male,1,1,A,0.7944504,0.4706313,0.26181618
P5,P5_Control,−Kairomone,−UVR,P5_Control_6,Male,1,3,A,0.7707183,0.4391599,0.24677548
P5,P5_Control,−Kairomone,−UVR,P5_Control_6,Male,1,1,A,0.7043574,0.4178793,0.23810458
P5,P5_Control,−Kairomone,−UVR,P5_Control_6,Male,1,3,B,0.7693406,0.4445927,0.24487515
P5,P5_Control,−Kairomone,−UVR,P5_Control_6,Male,1,2,B,0.7806427,0.4586715,0.25181157
P5,P5_Control,−Kairomone,−UVR,P5_Control_6,Male,1,2,B,0.6745059,0.4182518,0.24395932
P5,P5_Control,−Kairomone,−UVR,P5_Control_6,Male,1,3,B,0.7490521,0.4330077,0.24833492
P5,P5_Control,−Kairomone,−UVR,P5_Control_6,Male,1,2,B,0.7651971,0.4419067,0.23992334
P5,P5_Control,−Kairomone,−UVR,P5_Control_6,Male,1,3,B,0.7506053,0.430385,0.23417551
P5,P5_Control,−Kairomone,−UVR,P5_Control_6,Male,1,1,A,0.7052549,0.4059716,0.23039069
P5,P5_Control,−Kairomone,−UVR,P5_Control_6,Male,2,0,A,0.9273494,0.5375541,0.22611264
P5,P5_Control,−Kairomone,−UVR,P5_Control_6,Male,2,0,A,0.8911533,0.474421,0.22885073
P5,P5_Control,−Kairomone,−UVR,P5_Control_6,Male,2,0,A,0.9197093,0.5087502,0.23765454
P5,P5_Control,−Kairomone,−UVR,P5_Control_2,Male,1,3,B,0.7541797,0.4392781,0.24090837
P5,P5_Control,−Kairomone,−UVR,P5_Control_2,Male,1,1,A,0.7443034,0.4438624,0.24870042
P5,P5_Control,−Kairomone,−UVR,P5_Control_2,Male,1,1,A,0.6527276,0.3542887,0.2185396
P5,P5_Control,−Kairomone,−UVR,P5_Control_2,Male,1,3,B,0.7539173,0.4289127,0.24719579
P5,P5_Control,−Kairomone,−UVR,P5_Control_2,Male,1,2,B,0.7548333,0.4552068,0.23992334
P5,P5_Control,−Kairomone,−UVR,P5_Control_2,Male,1,2,B,0.780331,0.4568643,0.24554986
P5,P5_Control,−Kairomone,−UVR,P5_Control_2,Male,1,1,A,0.7284881,0.4243732,0.24231819
P5,P5_Control,−Kairomone,−UVR,P5_Control_2,Male,1,1,B,0.7453356,0.4110461,0.23439705
P5,P5_Control,−Kairomone,−UVR,P5_Control_2,Male,1,3,B,0.7353449,0.4175298,0.24711704
P5,P5_Control,−Kairomone,−UVR,P5_Control_2,Male,1,1,B,0.7104612,0.4116455,0.24150016
P5,P5_Control,−Kairomone,−UVR,P5_Control_2,Male,2,0,A,0.950799,0.5264868,0.21302204
P5,P5_Control,−Kairomone,−UVR,P5_Control_2,Male,2,0,A,0.9056872,0.5453907,0.24786419
P5,P5_Control,−Kairomone,−UVR,P5_Control_2,Male,1,2,B,0.7778451,0.4787434,0.24423842
P5,P5_Control,−Kairomone,−UVR,P5_Control_4,Female,1,3,B,0.766671,0.4534002,0.2408545
P5,P5_Control,−Kairomone,−UVR,P5_Control_4,Female,1,3,B,0.7890748,0.4553494,0.24210389
P5,P5_Control,−Kairomone,−UVR,P5_Control_4,Female,1,3,B,0.7751253,0.4608799,0.2506753
P5,P5_Control,−Kairomone,−UVR,P5_Control_4,Male,1,3,A,0.7761918,0.4463477,0.24533839
P5,P5_Control,−Kairomone,−UVR,P5_Control_4,Female,1,2,A,0.7890748,0.4710929,0.25972619
P5,P5_Control,−Kairomone,−UVR,P5_Control_4,Female,1,3,A,0.7870824,0.4661431,0.24283975
P5,P5_Control,−Kairomone,−UVR,P5_Control_4,Female,1,3,B,0.7701877,0.45853,0.24838716
P5,P5_Control,−Kairomone,−UVR,P5_Control_4,Female,1,3,A,0.7548719,0.4512558,0.25760666
P5,P5_Control,−Kairomone,−UVR,P5_Control_4,Female,1,3,A,0.7688724,0.4616044,0.24273285
P5,P5_Control,−Kairomone,−UVR,P5_Control_4,Male,2,0,A,0.985974,0.5655283,0.24207709
P5,P5_Control,−Kairomone,−UVR,P5_Control_4,Male,2,0,A,0.9813139,0.5872093,0.24137923
P5,P5_Control,−Kairomone,−UVR,P5_Control_4,Male,2,0,A,0.9866055,0.5070448,0.23246531
P5,P5_Control,−Kairomone,−UVR,P5_Control_4,Male,2,0,A,0.9651136,0.5761893,0.23785921
P5,P5_Control,−Kairomone,−UVR,P5_Control_4,Male,2,0,A,0.9110976,0.540221,0.19110733
P5,P5_Control,−Kairomone,−UVR,P5_Control_4,Male,2,0,A,0.981423,0.5871596,0.27120122
P5,P5_Control,−Kairomone,−UVR,P5_Control_4,Male,2,0,A,0.9781351,0.5865902,0.27115337
P5,P5_Control,−Kairomone,−UVR,P5_Control_4,Female,2,0,A,0.96296,0.5579805,0.23788648
P5,P5_Control,−Kairomone,−UVR,P5_Control_9,Male,1,4,B,0.7719506,0.4564026,0.25655929
P5,P5_Control,−Kairomone,−UVR,P5_Control_9,Male,1,3,B,0.7848701,0.4663101,0.23492239
P5,P5_Control,−Kairomone,−UVR,P5_Control_9,Male,1,2,B,0.749801,0.4408703,0.24500759
P5,P5_Control,−Kairomone,−UVR,P5_Control_9,Male,1,3,B,0.7462752,0.4613161,0.24360002
P5,P5_Control,−Kairomone,−UVR,P5_Control_9,Male,1,3,B,0.7771441,0.4522611,0.23934121
P5,P5_Control,−Kairomone,−UVR,P5_Control_9,Male,1,2,B,0.7866371,0.4572547,0.24758918
P5,P5_Control,−Kairomone,−UVR,P5_Control_9,Male,1,2,B,0.7871195,0.4528919,0.22601218
P5,P5_Control,−Kairomone,−UVR,P5_Control_9,Female,2,0,A,0.9573174,0.5589274,0.25036451
P5,P5_Control,−Kairomone,−UVR,P5_Control_9,Female,2,0,A,0.9378788,0.5609898,0.24049056
P5,P5_Control,−Kairomone,−UVR,P5_Control_9,Female,2,0,A,0.9470384,0.570537,0.24709078
P5,P5_Control,−Kairomone,−UVR,P5_Control_9,Female,2,0,A,0.9443524,0.568001,0.25515188
P5,P5_Control,−Kairomone,−UVR,P5_Control_9,Female,2,0,A,0.9649926,0.5560119,0.2118921
P5,P5_Control,−Kairomone,−UVR,P5_Control_9,Female,2,0,A,0.9858161,0.5572067,0.22368931
P5,P5_Control,−Kairomone,−UVR,P5_Control_9,Female,2,0,A,0.9616519,0.5685034,0.24246541
P5,P5_Control,−Kairomone,−UVR,P5_Control_9,Female,2,0,A,0.9699419,0.5759359,0.24991059
P5,P5_Control,−Kairomone,−UVR,P5_Control_9,Female,1,0,A,0.7791744,0.3969127,0.18580541
P5,P5_Control,−Kairomone,−UVR,P5_Control_9,Female,2,0,A,0.939403,0.5596524,0.24896117
P5,P5_Control,−Kairomone,−UVR,P5_Control_1,Male,1,2,A,0.7974705,0.4586715,0.2341478
P5,P5_Control,−Kairomone,−UVR,P5_Control_1,Male,1,2,A,0.7669756,0.4646794,0.24949485
P5,P5_Control,−Kairomone,−UVR,P5_Control_1,Male,1,2,A,0.7880422,0.4712581,0.25761925
P5,P5_Control,−Kairomone,−UVR,P5_Control_1,Male,1,2,A,0.7776324,0.4716091,0.2448619
P5,P5_Control,−Kairomone,−UVR,P5_Control_1,Male,2,0,A,NA,NA,NA
P5,P5_Control,−Kairomone,−UVR,P5_Control_1,Male,2,0,A,NA,NA,NA
P5,P5_Control,−Kairomone,−UVR,P5_Control_1,Male,2,0,A,NA,NA,NA
P5,P5_Control,−Kairomone,−UVR,P5_Control_1,Male,2,0,A,NA,NA,NA
P5,P5_Control,−Kairomone,−UVR,P5_Control_3,Male,1,3,B,0.7927049,0.472777,0.24464983
P5,P5_Control,−Kairomone,−UVR,P5_Control_3,Male,1,3,A,0.7885977,0.463512,0.25503743
P5,P5_Control,−Kairomone,−UVR,P5_Control_3,Male,1,3,B,0.7917467,0.4702658,0.24498111
P5,P5_Control,−Kairomone,−UVR,P5_Control_3,Female,1,3,B,0.7070925,0.4322203,0.23851297
P5,P5_Control,−Kairomone,−UVR,P5_Control_3,Female,2,0,A,0.8690444,0.5630735,0.235226
P5,P5_Control,−Kairomone,−UVR,P5_Control_3,Female,2,0,A,0.9494059,0.5458188,0.23792739
P5,P5_Control,−Kairomone,−UVR,P5_Control_3,Female,2,0,A,0.8818179,0.541091,0.24178209
P5,P5_Control,−Kairomone,−UVR,P5_Control_3,Female,2,0,A,0.9167663,0.5921989,0.22989733
P5,P5_Control,−Kairomone,−UVR,P5_Control_3,Female,1,0,A,0.7666414,0.449996,0.17605134
P5,P5_Control,−Kairomone,−UVR,P5_Control_3,Female,2,0,A,0.8719475,0.4673595,0.22118079
P5,P5_Control,−Kairomone,−UVR,P5_Control_3,Female,1,0,A,0.766946,0.4398021,0.20304174
P5,P5_Control,−Kairomone,−UVR,P5_Control_3,Female,2,0,A,0.930733,0.545694,0.21147833
UNI,UNI_Kairomone,+Kairomone,−UVR,UNI_Kairomone_1,Female,1,3,C,0.743662365241154,0.431408951991802,0.230461081594227
UNI,UNI_Kairomone,+Kairomone,−UVR,UNI_Kairomone_1,Female,1,3,C,0.728229748043787,0.430565914535055,0.255190021028391
UNI,UNI_Kairomone,+Kairomone,−UVR,UNI_Kairomone_1,Female,1,3,C,0.778132839930716,0.456715193997883,0.2337872942773
UNI,UNI_Kairomone,+Kairomone,−UVR,UNI_Kairomone_1,Female,1,3,C,0.738725278419802,0.412377760800428,0.248347979253685
UNI,UNI_Kairomone,+Kairomone,−UVR,UNI_Kairomone_1,Female,1,3,C,0.742492342713756,0.456459410732893,0.245179659430203
UNI,UNI_Kairomone,+Kairomone,−UVR,UNI_Kairomone_1,Female,1,4,C,0.755318743842725,0.439720936615126,0.239882768862976
UNI,UNI_Kairomone,+Kairomone,−UVR,UNI_Kairomone_1,Female,1,2,C,0.738883354636114,0.428125357705731,0.249637836574555
UNI,UNI_Kairomone,+Kairomone,−UVR,UNI_Kairomone_1,Female,1,1,C,0.738466135893601,0.410414252548089,0.238512967719493
UNI,UNI_Kairomone,+Kairomone,−UVR,UNI_Kairomone_1,Female,1,2,C,0.774363203318877,0.471258103667043,0.250843479025353
UNI,UNI_Kairomone,+Kairomone,−UVR,UNI_Kairomone_1,Female,2,2,B,0.932495044233986,0.560434395436638,0.246670287399907
UNI,UNI_Kairomone,+Kairomone,−UVR,UNI_Kairomone_1,Female,2,3,B,0.947572637099832,0.574836451803205,0.259763660308111
UNI,UNI_Kairomone,+Kairomone,−UVR,UNI_Kairomone_1,Female,2,3,B,0.936428387524923,0.552511776862321,0.282749813960998
UNI,UNI_Kairomone,+Kairomone,−UVR,UNI_Kairomone_1,Female,2,2,A,0.941138420070578,0.562347136512908,0.239557981031939
UNI,UNI_Kairomone,+Kairomone,−UVR,UNI_Kairomone_1,Female,2,2,B,0.960294858537299,0.52063139188012,0.226700110734938
UNI,UNI_Kairomone,+Kairomone,−UVR,UNI_Kairomone_1,Female,2,1,A,0.914445567320742,0.499490047964164,0.275673993274251
UNI,UNI_Kairomone,+Kairomone,−UVR,UNI_Kairomone_1,Female,2,3,B,0.950485054635467,0.557858365488005,0.232004333692422
UNI,UNI_Kairomone,+Kairomone,−UVR,UNI_Kairomone_5,Female,1,3,C,0.761712705970925,0.463315996656735,0.246499258085967
UNI,UNI_Kairomone,+Kairomone,−UVR,UNI_Kairomone_5,Female,1,2,C,0.763754264710145,0.451514526104485,0.234466245324195
UNI,UNI_Kairomone,+Kairomone,−UVR,UNI_Kairomone_5,Female,1,4,C,0.751987065706067,0.440369688643157,0.229091588357403
UNI,UNI_Kairomone,+Kairomone,−UVR,UNI_Kairomone_5,Female,1,2,C,0.767922492335634,0.462692407536206,0.250221937341641
UNI,UNI_Kairomone,+Kairomone,−UVR,UNI_Kairomone_5,Female,1,2,C,0.768918829717493,0.448139370194817,0.262558567949261
UNI,UNI_Kairomone,+Kairomone,−UVR,UNI_Kairomone_5,Female,1,4,C,0.767330833383425,0.456544687743987,0.254922919480301
UNI,UNI_Kairomone,+Kairomone,−UVR,UNI_Kairomone_5,Female,1,1,C,0.770772968898142,0.447219068459248,0.239083541220597
UNI,UNI_Kairomone,+Kairomone,−UVR,UNI_Kairomone_5,Female,1,3,B,0.74622734902679,0.404562776625256,0.254273076177292
UNI,UNI_Kairomone,+Kairomone,−UVR,UNI_Kairomone_5,Female,1,1,C,0.764263802275942,0.449130022295904,0.255748757810207
UNI,UNI_Kairomone,+Kairomone,−UVR,UNI_Kairomone_5,Female,1,2,B,0.633329530516607,0.36919352867794,0.203918609663933
UNI,UNI_Kairomone,+Kairomone,−UVR,UNI_Kairomone_5,Female,2,1,A,0.863952642410044,0.504864814334071,0.222788332626662
UNI,UNI_Kairomone,+Kairomone,−UVR,UNI_Kairomone_5,Female,2,1,A,0.852807423030745,0.511478488228682,0.238186312052331
UNI,UNI_Kairomone,+Kairomone,−UVR,UNI_Kairomone_5,Female,1,2,A,0.788272669669641,0.472049088481561,0.21911776299062
UNI,UNI_Kairomone,+Kairomone,−UVR,UNI_Kairomone_5,Male,2,2,B,0.855632931189354,0.502546249546783,0.233926015760033
UNI,UNI_Kairomone,+Kairomone,−UVR,UNI_Kairomone_5,Female,2,2,B,0.867037454421177,0.518533523422799,0.244981106562357
UNI,UNI_Kairomone,+Kairomone,−UVR,UNI_Kairomone_5,Female,2,1,A,0.833772717616337,0.485766325941151,0.221488582974822
UNI,UNI_Kairomone,+Kairomone,−UVR,UNI_Kairomone_9B,Male,1,1,B,0.618941511837636,0.352664264103146,0.228112408381194
UNI,UNI_Kairomone,+Kairomone,−UVR,UNI_Kairomone_9B,Male,1,2,B,0.618191543242569,0.35255386101244,0.223282868934675
UNI,UNI_Kairomone,+Kairomone,−UVR,UNI_Kairomone_9B,Male,1,1,B,0.640880860691866,0.375484132331205,0.229784414369301
UNI,UNI_Kairomone,+Kairomone,−UVR,UNI_Kairomone_9B,Male,1,1,B,0.611182844948819,0.355595702250468,0.183680645709704
UNI,UNI_Kairomone,+Kairomone,−UVR,UNI_Kairomone_9B,Male,1,1,B,0.652797222119397,0.369421919376355,0.210309249033057
UNI,UNI_Kairomone,+Kairomone,−UVR,UNI_Kairomone_9B,Male,1,1,B,0.62934208506716,0.358647925906135,0.20449052337254
UNI,UNI_Kairomone,+Kairomone,−UVR,UNI_Kairomone_9B,Male,1,2,B,0.622729902651114,0.366521405291212,0.225681808818991
UNI,UNI_Kairomone,+Kairomone,−UVR,UNI_Kairomone_9B,Male,1,1,B,0.655697951356216,0.373960442395374,0.224297598620081
UNI,UNI_Kairomone,+Kairomone,−UVR,UNI_Kairomone_9B,Male,2,5,C,0.791287671655416,0.464133748153479,0.236030112239036
UNI,UNI_Kairomone,+Kairomone,−UVR,UNI_Kairomone_9B,Male,2,4,C,0.801683973737223,0.473171286328392,0.217955779264741
UNI,UNI_Kairomone,+Kairomone,−UVR,UNI_Kairomone_9B,Male,2,2,C,0.7683656281841,0.436751332195156,0.21652806970966
UNI,UNI_Kairomone,+Kairomone,−UVR,UNI_Kairomone_9B,Male,2,3,C,0.803567593434766,0.452685100096668,0.234503306031472
UNI,UNI_Kairomone,+Kairomone,−UVR,UNI_Kairomone_9B,Male,2,2,C,0.771937694262217,0.445447479984757,0.213522453133236
UNI,UNI_Kairomone,+Kairomone,−UVR,UNI_Kairomone_9B,Male,2,3,C,0.788050515688092,0.446844336764485,0.225298070827312
UNI,UNI_Kairomone,+Kairomone,−UVR,UNI_Kairomone_9B,Male,2,4,C,0.795028945186772,0.461077700508173,0.230463748009639
UNI,UNI_Kairomone,+Kairomone,−UVR,UNI_Kairomone_9B,Male,2,3,B,0.815153138500624,0.461040153973685,0.234115427317607
UNI,UNI_Kairomone,+Kairomone,−UVR,UNI_Kairomone_9B,Male,2,3,B,0.812233171225389,0.464223875738214,0.227388575791329
UNI,UNI_Kairomone,+Kairomone,−UVR,UNI_Kairomone_9B,Male,2,3,B,0.790443125355273,0.444098206095771,0.219912765382286
UNI,UNI_Kairomone,+Kairomone,−UVR,UNI_Kairomone_9B,Male,2,3,C,0.804179537432046,0.464804623591309,0.231687369531593
UNI,UNI_Kairomone,+Kairomone,−UVR,UNI_Kairomone_6,Female,1,1,B,0.682690293139723,0.383680213582746,0.220608025885328
UNI,UNI_Kairomone,+Kairomone,−UVR,UNI_Kairomone_6,Female,1,2,B,0.688373699816494,0.409345762482607,0.23105153979535
UNI,UNI_Kairomone,+Kairomone,−UVR,UNI_Kairomone_6,Female,1,2,B,0.696409070648432,0.406027559046691,0.248334916213976
UNI,UNI_Kairomone,+Kairomone,−UVR,UNI_Kairomone_6,Female,1,3,B,0.686599440551644,0.383282613016491,0.23601079910818001
UNI,UNI_Kairomone,+Kairomone,−UVR,UNI_Kairomone_6,Female,1,2,B,0.688444386588228,0.408862047359385,0.248347979253685
UNI,UNI_Kairomone,+Kairomone,−UVR,UNI_Kairomone_6,Female,1,3,B,0.688637560076908,0.40198051166538,0.221839827148923
UNI,UNI_Kairomone,+Kairomone,−UVR,UNI_Kairomone_6,Female,1,3,B,0.688665824822892,0.403261644236306,0.242839750128219
UNI,UNI_Kairomone,+Kairomone,−UVR,UNI_Kairomone_6,Female,1,1,B,0.662397333785683,0.377689435726484,0.227100439193867
UNI,UNI_Kairomone,+Kairomone,−UVR,UNI_Kairomone_6,Female,1,3,B,0.698005044607763,0.397370155843879,0.240301636776241
UNI,UNI_Kairomone,+Kairomone,−UVR,UNI_Kairomone_6,Female,1,3,B,0.695047511090168,0.400355099746626,0.229473608379146
UNI,UNI_Kairomone,+Kairomone,−UVR,UNI_Kairomone_6,Female,2,2,B,0.858993145620294,0.500916868811793,0.24078714961402
UNI,UNI_Kairomone,+Kairomone,−UVR,UNI_Kairomone_6,Female,2,2,A,0.89438373081605,0.535516504573704,0.26098467709526
UNI,UNI_Kairomone,+Kairomone,−UVR,UNI_Kairomone_6,Female,2,3,B,0.886393626340725,0.533136527376844,0.244583517271566
UNI,UNI_Kairomone,+Kairomone,−UVR,UNI_Kairomone_6,Female,2,2,B,0.897031283545207,0.522770487896831,0.238104578113847
UNI,UNI_Kairomone,+Kairomone,−UVR,UNI_Kairomone_6,Female,2,2,A,0.891870187631123,0.527883702153873,0.245972268155342
UNI,UNI_Kairomone,+Kairomone,−UVR,UNI_Kairomone_6,Female,2,3,B,0.879563595544678,0.517180400075099,0.239490261459976
UNI,UNI_Kairomone,+Kairomone,−UVR,UNI_Kairomone_6,Female,2,3,B,0.843155265344356,0.512087014096018,0.242184274905311
UNI,UNI_Kairomone,+Kairomone,−UVR,UNI_Kairomone_6,Female,2,2,A,0.880035571281591,0.529975164738292,0.239557981031939
UNI,UNI_Kairomone,+Kairomone,−UVR,UNI_Kairomone_6,Female,2,4,B,0.873891140709991,0.529522000769372,0.257719973051594
UNI,UNI_Both,+Kairomone,+UVR,UNI_Both_10,Female,1,1,B,0.627600236544922,0.333888446448271,0.158572805189599
UNI,UNI_Both,+Kairomone,+UVR,UNI_Both_10,Female,1,3,A,0.563287313509759,0.336383717584016,0.168106112235942
UNI,UNI_Both,+Kairomone,+UVR,UNI_Both_10,Female,1,2,A,0.585674534159795,0.388808314931147,0.19630831713112
UNI,UNI_Both,+Kairomone,+UVR,UNI_Both_10,Female,1,2,A,0.6344821340518,0.40983682233593,0.181818702936749
UNI,UNI_Both,+Kairomone,+UVR,UNI_Both_10,Female,1,1,A,0.607730630572755,0.353014667179582,0.173175773538741
UNI,UNI_Both,+Kairomone,+UVR,UNI_Both_6,Female,1,1,B,0.63019598145447,0.372672229849925,0.221116485369312
UNI,UNI_Both,+Kairomone,+UVR,UNI_Both_6,Male,1,1,B,0.708709407285099,0.41487244104635,0.233794788676298
UNI,UNI_Both,+Kairomone,+UVR,UNI_Both_6,Male,1,3,B,0.699588550227269,0.399980019170805,0.228824175892635
UNI,UNI_Both,+Kairomone,+UVR,UNI_Both_6,Male,1,2,B,0.718178521113549,0.413067321109951,0.238220242167496
UNI,UNI_Both,+Kairomone,+UVR,UNI_Both_6,Female,1,1,A,0.677275861283392,0.393841240619773,0.230438708488921
UNI,UNI_Both,+Kairomone,+UVR,UNI_Both_6,Female,1,2,B,0.709045189680812,0.404908826398071,0.232929336990633
UNI,UNI_Both,+Kairomone,+UVR,UNI_Both_6,Male,1,2,B,0.687312599126005,0.348123103465243,0.21752513439833
UNI,UNI_Both,+Kairomone,+UVR,UNI_Both_6,Male,1,2,B,0.688030046812909,0.389109667730809,0.214533487164254
UNI,UNI_Both,+Kairomone,+UVR,UNI_Both_6,Male,1,3,B,0.718172495022183,0.4195094607965,0.243852109844265
UNI,UNI_Both,+Kairomone,+UVR,UNI_Both_6,Female,1,2,B,0.708454920729173,0.405047750601082,0.225630784279139
UNI,UNI_Both,+Kairomone,+UVR,UNI_Both_3,Female,1,2,B,0.604772082745724,0.385576071433587,0.206837309011407
UNI,UNI_Both,+Kairomone,+UVR,UNI_Both_3,Female,1,1,B,0.627572667696618,0.337940305608207,0.135254602915583
UNI,UNI_Both,+Kairomone,+UVR,UNI_Both_3,Female,1,2,B,0.652116594105464,0.376999751947997,0.251414743159938
UNI,UNI_Both,+Kairomone,+UVR,UNI_Both_3,Female,1,2,A,0.58035253788261,0.375896694392775,0.207422028962289
UNI,UNI_Both,+Kairomone,+UVR,UNI_Both_3,Female,1,1,B,0.567489942729416,0.354547040058481,0.13284529502588
UNI,UNI_Both,+Kairomone,+UVR,UNI_Both_3,Female,1,2,B,0.636732399520731,0.375743235846109,0.219945294579452
UNI,UNI_Both,+Kairomone,+UVR,UNI_Both_3,Female,2,0,A,0.806716336695381,0.477074293281417,0.245472048210438
UNI,UNI_Both,+Kairomone,+UVR,UNI_Both_3,Female,1,1,B,0.589199088571377,0.38571066601319,0.187287448152662
UNI,UNI_Both,+Kairomone,+UVR,UNI_Both_3,Female,1,0,A,0.648258065862432,0.376999751947997,0.179359638264885
UNI,UNI_Both,+Kairomone,+UVR,UNI_Both_0,Female,1,1,B,0.592790252110786,0.328103675237157,0.209799594880694
UNI,UNI_Both,+Kairomone,+UVR,UNI_Both_0,Female,1,2,A,0.608612547643858,0.376310719881794,0.221148190667865
UNI,UNI_Both,+Kairomone,+UVR,UNI_Both_0,Female,1,1,A,0.627949337193871,0.360787301916168,0.211578865262156
UNI,UNI_Both,+Kairomone,+UVR,UNI_Both_0,Female,1,1,A,0.622775628562728,0.390923710497763,0.223482957689093
UNI,UNI_Both,+Kairomone,+UVR,UNI_Both_0,Female,1,1,A,0.557337979631114,0.348426769643704,0.172541855661898
UNI,UNI_Both,+Kairomone,+UVR,UNI_Both_0,Female,1,3,B,0.593130670676501,0.382994729775251,0.118138961094872
UNI,UNI_Both,+Kairomone,+UVR,UNI_Both_0,Female,1,2,B,0.639254479874011,0.380683826547131,0.217201147938983
UNI,UNI_Both,+Kairomone,+UVR,UNI_Both_0,Female,1,2,A,0.638324549625419,0.38581531822396,0.224487149087818
UNI,UNI_Both,+Kairomone,+UVR,UNI_Both_0,Female,1,1,A,0.6257965194163,0.375267115549767,0.21334329715072
UNI,UNI_Both,+Kairomone,+UVR,UNI_Both_0,Female,2,0,A,0.83849262452363,0.45323925649926,0.227889215932715
UNI,UNI_Both,+Kairomone,+UVR,UNI_Both_0,Female,2,0,A,0.860713899765488,0.482269796054083,0.241683171962738
UNI,UNI_Both,+Kairomone,+UVR,UNI_Both_0,Female,2,0,A,0.802930030136209,0.437549932189528,0.230670220344263
UNI,UNI_Both,+Kairomone,+UVR,UNI_Both_0,Male,2,0,B,0.870133696280766,0.500584540813254,0.241492089719522
UNI,UNI_Both,+Kairomone,+UVR,UNI_Both_4,Male,1,2,B,0.627425613380385,0.35794672873453,0.14520733602531
UNI,UNI_Both,+Kairomone,+UVR,UNI_Both_4,Female,1,3,A,0.600138772632773,0.392219821601193,0.150741757811752
UNI,UNI_Both,+Kairomone,+UVR,UNI_Both_4,Male,1,2,B,0.646226462573161,0.408300078637181,0.222500155520137
UNI,UNI_Both,+Kairomone,+UVR,UNI_Both_4,Female,1,1,A,0.662269986416673,0.389786077907161,0.224795228577363
UNI,UNI_Both,+Kairomone,+UVR,UNI_Both_4,Female,1,1,A,0.642036189161084,0.377122114739907,0.187902313392244
UNI,UNI_Both,+Kairomone,+UVR,UNI_Both_4,Female,1,1,A,0.670371449558382,0.402782256372198,0.238537146640709
UNI,UNI_Both,+Kairomone,+UVR,UNI_Both_4,Female,1,1,A,0.628197264499585,0.365156788838696,0.179359638264885
UNI,UNI_Both,+Kairomone,+UVR,UNI_Both_4,Male,1,2,B,0.672295783997165,0.398680570464537,0.229668303778104
UNI,UNI_Both,+Kairomone,+UVR,UNI_Both_4,Male,1,1,A,0.669407207896904,0.430293749742759,0.229140358864516
UNI,UNI_Both,+Kairomone,+UVR,UNI_Both_4,Female,1,1,A,0.628637782723129,0.377534796367749,0.198847835907898
UNI,UNI_Both,+Kairomone,+UVR,UNI_Both_4,Male,2,3,B,0.781611338127308,0.482316232589266,0.248205700250742
UNI,UNI_Both,+Kairomone,+UVR,UNI_Both_4,Female,2,2,A,0.795449348469854,0.469126155805148,0.216642823482016
UNI,UNI_Both,+Kairomone,+UVR,UNI_Both_4,Female,1,1,A,0.620772115346198,0.382437164017527,0.192660854476805
UNI,UNI_Both,+Kairomone,+UVR,UNI_Both_4,NA,2,1,A,NA,NA,NA
UNI,UNI_Both,+Kairomone,+UVR,UNI_Both_4,NA,2,2,A,NA,NA,NA
UNI,UNI_Both,+Kairomone,+UVR,UNI_Both_4,NA,2,0,A,NA,NA,NA
UNI,UNI_Both,+Kairomone,+UVR,UNI_Both_4B,Male,1,2,B,0.623229232972205,0.393291763360788,0.198760806432911
UNI,UNI_Both,+Kairomone,+UVR,UNI_Both_4B,Male,1,2,B,0.673940840244546,0.384317582297701,0.232389320941381
UNI,UNI_Both,+Kairomone,+UVR,UNI_Both_4B,Male,1,2,A,0.620326011423915,0.362700460545164,0.179359638264885
UNI,UNI_Both,+Kairomone,+UVR,UNI_Both_4B,Male,1,1,B,0.664460866647063,0.387857827177963,0.189369844802302
UNI,UNI_Both,+Kairomone,+UVR,UNI_Both_4B,Male,1,1,B,0.553964703272419,0.363653265498246,0.106102439933816
UNI,UNI_Both,+Kairomone,+UVR,UNI_Both_4B,Male,1,2,B,0.59724884200629,0.387545440436935,0.194656158843005
UNI,UNI_Both,+Kairomone,+UVR,UNI_Both_4B,Male,1,3,B,0.601607291892495,0.394112098681044,0.188759759953828
UNI,UNI_Both,+Kairomone,+UVR,UNI_Both_4B,Female,1,1,A,0.58235646194342106,0.388095667351888,0.1994559789653
UNI,UNI_Both,+Kairomone,+UVR,UNI_Both_4B,Female,1,2,A,0.548986742351141,0.343827974481681,0.173175773538741
UNI,UNI_Both,+Kairomone,+UVR,UNI_Both_4B,Female,1,1,A,0.59724884200629,0.371498285424125,0.155524809287203
UNI,UNI_Both,+Kairomone,+UVR,UNI_Both_4B,Male,1,2,A,0.569245389513792,0.336914791492902,0.157147977453059
UNI,UNI_Both,+Kairomone,+UVR,UNI_Both_4B,Male,2,1,A,0.783424396443843,0.46885561722521,0.23591150492788
UNI,UNI_Both,+Kairomone,+UVR,UNI_Both_4B,Male,1,1,A,0.61209924418423,0.356930222189849,0.15131455946188
UNI,UNI_Both,+Kairomone,+UVR,UNI_Both_4B,Female,2,0,A,0.690167422647591,0.408413063787358,0.188851398324767
UNI,UNI_UVR,−Kairomone,+UVR,UNI_UVR_7,Male,1,1,A,0.643624179785598,0.422666796478939,0.17829537137342
UNI,UNI_UVR,−Kairomone,+UVR,UNI_UVR_7,Female,1,1,A,0.570823706931617,0.383596591904646,0.218339929061652
UNI,UNI_UVR,−Kairomone,+UVR,UNI_UVR_7,Female,1,2,B,0.723490291992397,0.453587803569073,0.247367794145162
UNI,UNI_UVR,−Kairomone,+UVR,UNI_UVR_6,Female,1,4,B,0.752996829270374,0.460753213767473,0.24287388737411
UNI,UNI_UVR,−Kairomone,+UVR,UNI_UVR_6,Female,1,2,B,0.725400921090329,0.437313339875289,0.258316497737077
UNI,UNI_UVR,−Kairomone,+UVR,UNI_UVR_6,Female,1,1,A,0.637067443221891,0.380926146002953,0.184682661439908
UNI,UNI_UVR,−Kairomone,+UVR,UNI_UVR_6,Female,1,3,A,0.708019669864913,0.402782256372198,0.226634911045463
UNI,UNI_UVR,−Kairomone,+UVR,UNI_UVR_6,Female,1,1,A,0.732395415620926,0.44812569626351,0.253721034501308
UNI,UNI_UVR,−Kairomone,+UVR,UNI_UVR_6,Female,1,3,A,0.72145470442629,0.418952689289917,0.232538177145996
UNI,UNI_UVR,−Kairomone,+UVR,UNI_UVR_6,Female,1,1,A,0.721622558016708,0.44781671505261,0.240559500179268
UNI,UNI_UVR,−Kairomone,+UVR,UNI_UVR_6,Female,1,1,A,0.73532675364931,0.442817650086267,0.223250579760245
UNI,UNI_UVR,−Kairomone,+UVR,UNI_UVR_6,Female,1,2,B,0.72968154503829,0.407395069384425,0.217837480790514
UNI,UNI_UVR,−Kairomone,+UVR,UNI_UVR_6,Female,1,3,A,0.73830894678269,0.427982204351001,0.251529413516258
UNI,UNI_UVR,−Kairomone,+UVR,UNI_UVR_6,Female,2,0,A,0.869209426226607,0.496945538440454,0.227777167370837
UNI,UNI_UVR,−Kairomone,+UVR,UNI_UVR_6,Female,2,0,A,0.850591027489346,0.505859812549327,0.244081928011673
UNI,UNI_UVR,−Kairomone,+UVR,UNI_UVR_6,Female,2,0,A,0.836231143925032,0.485961441578656,0.21026639646727
UNI,UNI_UVR,−Kairomone,+UVR,UNI_UVR_6,Female,2,0,A,0.863350807242259,0.50064550977494,0.242493654049162
UNI,UNI_UVR,−Kairomone,+UVR,UNI_UVR_6,Female,2,0,A,0.80856582798691,0.475875992411877,0.202013027128624
UNI,UNI_UVR,−Kairomone,+UVR,UNI_UVR_6,Female,2,0,A,0.88063296222053,0.500311327376274,0.214206601829482
UNI,UNI_UVR,−Kairomone,+UVR,UNI_UVR_9,Female,1,2,A,0.717888579527148,0.418856316609092,0.229668303778104
UNI,UNI_UVR,−Kairomone,+UVR,UNI_UVR_9,Female,1,2,A,0.701612638627615,0.411451935239688,0.232786059294136
UNI,UNI_UVR,−Kairomone,+UVR,UNI_UVR_9,Female,1,2,A,0.739705878458339,0.407154338166146,0.215682333327378
UNI,UNI_UVR,−Kairomone,+UVR,UNI_UVR_9,Female,1,2,A,0.731970066831611,0.422503025030823,0.212557898659024
UNI,UNI_UVR,−Kairomone,+UVR,UNI_UVR_9,Female,1,2,A,0.682715108305634,0.397884149751809,0.23578923930426
UNI,UNI_UVR,−Kairomone,+UVR,UNI_UVR_9,Female,1,2,A,0.723458405424058,0.420148619340413,0.252353501898727
UNI,UNI_UVR,−Kairomone,+UVR,UNI_UVR_9,Female,1,1,A,0.726259064307532,0.407352597742235,0.22117426792645
UNI,UNI_UVR,−Kairomone,+UVR,UNI_UVR_9,Female,1,1,A,0.696704552295324,0.398304279139104,0.238899536802516
UNI,UNI_UVR,−Kairomone,+UVR,UNI_UVR_9,Female,1,2,A,0.687437855852654,0.420162345874528,0.244836871018418
UNI,UNI_UVR,−Kairomone,+UVR,UNI_UVR_9,Female,1,2,A,0.712866034765901,0.406899291052655,0.237737943841883
UNI,UNI_UVR,−Kairomone,+UVR,UNI_UVR_9,Female,2,0,A,0.815101521743597,0.546839458728595,0.245119375194336
UNI,UNI_UVR,−Kairomone,+UVR,UNI_UVR_9,Female,2,0,A,0.802271663758581,0.440336127717251,0.236326734900148
UNI,UNI_UVR,−Kairomone,+UVR,UNI_UVR_9,Female,2,0,A,0.907366309105862,0.523728716585668,0.213991102175501
UNI,UNI_UVR,−Kairomone,+UVR,UNI_UVR_9,Female,2,0,A,0.912860383592704,0.545878877521064,0.255713520127401
UNI,UNI_UVR,−Kairomone,+UVR,UNI_UVR_9,Female,2,0,A,0.896798191324426,0.513407927051047,0.229869106705011
UNI,UNI_UVR,−Kairomone,+UVR,UNI_UVR_9,Female,2,0,A,0.89176793023776,0.520946312185282,0.225819124691402
UNI,UNI_UVR,−Kairomone,+UVR,UNI_UVR_9,Female,2,0,A,0.892155880341772,0.546301319062016,0.222033099285053
UNI,UNI_UVR,−Kairomone,+UVR,UNI_UVR_9,Female,2,0,A,0.90216485205391,0.541540501769771,0.227549174820088
UNI,UNI_UVR,−Kairomone,+UVR,UNI_UVR_3,Female,1,2,A,0.672707425202557,0.40576380874675,0.173973210328161
UNI,UNI_UVR,−Kairomone,+UVR,UNI_UVR_3,Female,1,2,A,0.704762062415628,0.394813886621365,0.22795433725946
UNI,UNI_UVR,−Kairomone,+UVR,UNI_UVR_3,Female,1,1,B,0.711019060572204,0.426483799691847,0.249780742896391
UNI,UNI_UVR,−Kairomone,+UVR,UNI_UVR_3,Female,1,1,A,0.687966193034622,0.386158975799178,0.241349359874486
UNI,UNI_UVR,−Kairomone,+UVR,UNI_UVR_3,Female,1,2,A,0.726997209280778,0.397884149751809,0.234956145757513
UNI,UNI_UVR,−Kairomone,+UVR,UNI_UVR_3,Female,1,2,A,0.728043613970577,0.407395069384425,0.246433445974772
UNI,UNI_UVR,−Kairomone,+UVR,UNI_UVR_3,Female,1,2,B,0.627508335673664,0.364603580530144,0.190493350892615
UNI,UNI_UVR,−Kairomone,+UVR,UNI_UVR_3,Female,1,2,A,0.714482256566999,0.430561728687426,0.23246376095854
UNI,UNI_UVR,−Kairomone,+UVR,UNI_UVR_7B,Female,1,2,A,0.660749925686866,0.410833126585344,0.225707494656791
UNI,UNI_UVR,−Kairomone,+UVR,UNI_UVR_7B,Female,1,2,A,0.606908816406795,0.367938962338146,0.196361235097792
UNI,UNI_UVR,−Kairomone,+UVR,UNI_UVR_7B,Female,1,1,A,0.601366590197021,0.381350509686768,0.183887126963854
UNI,UNI_UVR,−Kairomone,+UVR,UNI_UVR_7B,Female,1,2,A,0.621545526400441,0.379165319361789,0.20837295120883
UNI,UNI_UVR,−Kairomone,+UVR,UNI_UVR_7B,Female,1,2,A,0.608541966514196,0.376952154521618,0.214513313182186
UNI,UNI_UVR,−Kairomone,+UVR,UNI_UVR_3B,Female,1,2,B,0.627434805284886,0.39817394159631,0.197625935660656
UNI,UNI_UVR,−Kairomone,+UVR,UNI_UVR_3B,Female,1,2,A,0.605429728796533,0.375021139536087,0.139246509964531
UNI,UNI_UVR,−Kairomone,+UVR,UNI_UVR_3B,Female,1,1,A,0.651674247190387,0.393804673190943,0.220416774851645
UNI,UNI_UVR,−Kairomone,+UVR,UNI_UVR_3B,Female,1,2,A,0.680074361583999,0.434402295877967,0.211387971099834
UNI,UNI_Control,−Kairomone,−UVR,UNI_Control_2,Male,1,2,A,0.7064958,0.4001119,0.25574876
UNI,UNI_Control,−Kairomone,−UVR,UNI_Control_2,Male,1,1,A,0.7047672,0.3961928,0.22937463
UNI,UNI_Control,−Kairomone,−UVR,UNI_Control_2,Male,1,2,B,0.6985858,0.4030202,0.23939542
UNI,UNI_Control,−Kairomone,−UVR,UNI_Control_2,Male,1,2,A,0.7478949,0.4385093,0.22568181
UNI,UNI_Control,−Kairomone,−UVR,UNI_Control_2,Male,1,2,A,0.7450526,0.4318299,0.24537805
UNI,UNI_Control,−Kairomone,−UVR,UNI_Control_2,Male,1,1,A,0.7207609,0.4118346,0.24219767
UNI,UNI_Control,−Kairomone,−UVR,UNI_Control_2,Male,1,1,A,0.7114514,0.396201,0.23992334
UNI,UNI_Control,−Kairomone,−UVR,UNI_Control_2,Male,1,2,B,0.7153258,0.4288068,0.24740568
UNI,UNI_Control,−Kairomone,−UVR,UNI_Control_2,Male,1,1,A,0.7073127,0.4058358,0.26444223
UNI,UNI_Control,−Kairomone,−UVR,UNI_Control_2,Male,1,1,A,0.7092044,0.42182,0.23268849
UNI,UNI_Control,−Kairomone,−UVR,UNI_Control_2,Male,1,1,A,0.6954628,0.3909836,0.24135235
UNI,UNI_Control,−Kairomone,−UVR,UNI_Control_2,Male,1,1,A,0.716320088223324,0.407752618889104,0.242332915165383
UNI,UNI_Control,−Kairomone,−UVR,UNI_Control_2,Male,2,0,A,0.9017384,0.5433705,0.222424
UNI,UNI_Control,−Kairomone,−UVR,UNI_Control_2,Male,2,0,A,0.942317238636641,0.556996343954842,0.228710668702194
UNI,UNI_Control,−Kairomone,−UVR,UNI_Control_5,Male,1,2,A,0.72784208008765,0.419661036499104,0.219591020049483
UNI,UNI_Control,−Kairomone,−UVR,UNI_Control_5,Female,1,1,A,0.667860014373481,0.387055900145928,0.200840900209887
UNI,UNI_Control,−Kairomone,−UVR,UNI_Control_5,Male,1,2,A,0.73838705735588,0.429237796103085,0.232562977250279
UNI,UNI_Control,−Kairomone,−UVR,UNI_Control_5,Female,1,2,A,0.736142968718512,0.422841586600716,0.220549197077379
UNI,UNI_Control,−Kairomone,−UVR,UNI_Control_5,Female,1,1,A,0.708728495473297,0.400111934640225,0.210740716292943
UNI,UNI_Control,−Kairomone,−UVR,UNI_Control_5,Female,1,1,A,0.72559667501171,0.421204253578648,0.23777736140664
UNI,UNI_Control,−Kairomone,−UVR,UNI_Control_5,Female,1,1,A,0.745962114952221,0.440156000995637,0.233801170129422
UNI,UNI_Control,−Kairomone,−UVR,UNI_Control_5,Female,1,1,A,0.708600318247902,0.407240203491894,0.232018316174502
UNI,UNI_Control,−Kairomone,−UVR,UNI_Control_5,Male,2,0,A,0.901076235864487,0.541138989941752,0.243520105638185
UNI,UNI_Control,−Kairomone,−UVR,UNI_Control_5,Male,2,0,A,0.944544775135249,0.539740362156834,0.238730489851086
UNI,UNI_Control,−Kairomone,−UVR,UNI_Control_5,NA,2,0,A,NA,NA,NA
UNI,UNI_Control,−Kairomone,−UVR,UNI_Control_5,NA,2,0,A,NA,NA,NA
UNI,UNI_Control,−Kairomone,−UVR,UNI_Control_2B,NA,1,2,B,0.6957146,0.392342,0.22183983
UNI,UNI_Control,−Kairomone,−UVR,UNI_Control_2B,Male,1,1,A,0.7738813,0.421366,0.21134022
UNI,UNI_Control,−Kairomone,−UVR,UNI_Control_2B,Male,1,2,A,0.7269546,0.4259984,0.24078715
UNI,UNI_Control,−Kairomone,−UVR,UNI_Control_2B,Male,1,2,B,0.7658963,0.4415541,0.2278278
UNI,UNI_Control,−Kairomone,−UVR,UNI_Control_2B,Male,1,1,A,0.7302316,0.43318,0.2313462
UNI,UNI_Control,−Kairomone,−UVR,UNI_Control_2B,Male,1,3,B,0.7412373,0.4075826,0.23847216
UNI,UNI_Control,−Kairomone,−UVR,UNI_Control_2B,Male,1,2,A,0.6989525,0.4316495,0.23239553
UNI,UNI_Control,−Kairomone,−UVR,UNI_Control_2B,Male,1,3,A,0.7507263,0.43768,0.24155388
UNI,UNI_Control,−Kairomone,−UVR,UNI_Control_2B,Male,1,3,B,0.7322325,0.424335,0.23129011
UNI,UNI_Control,−Kairomone,−UVR,UNI_Control_2B,Male,1,2,A,0.69256,0.4165107,0.237231
UNI,UNI_Control,−Kairomone,−UVR,UNI_Control_2B,Male,2,0,A,NA,NA,NA
UNI,UNI_Control,−Kairomone,−UVR,UNI_Control_2B,Male,2,0,A,NA,NA,NA
UNI,UNI_Control,−Kairomone,−UVR,UNI_Control_2B,Male,2,0,A,NA,NA,NA
UNI,UNI_Control,−Kairomone,−UVR,UNI_Control_2B,Male,2,0,A,NA,NA,NA
UNI,UNI_Control,−Kairomone,−UVR,UNI_Control_2B,Male,2,0,A,NA,NA,NA
UNI,UNI_Control,−Kairomone,−UVR,UNI_Control_2B,Male,2,0,A,NA,NA,NA
UNI,UNI_Control,−Kairomone,−UVR,UNI_Control_2B,Male,2,0,A,NA,NA,NA
UNI,UNI_Control,−Kairomone,−UVR,UNI_Control_2B,Male,2,0,A,NA,NA,NA
UNI,UNI_Control,−Kairomone,−UVR,UNI_Control_2B,Male,2,0,A,NA,NA,NA
UNI,UNI_Control,−Kairomone,−UVR,UNI_Control_2B,Male,2,0,A,NA,NA,NA
UNI,UNI_Control,−Kairomone,−UVR,UNI_Control_4,Female,1,3,B,0.77585318567353,0.461386455102243,0.225149319034106
UNI,UNI_Control,−Kairomone,−UVR,UNI_Control_4,Female,1,3,A,0.809065410271106,0.482986878950229,0.233189851547818
UNI,UNI_Control,−Kairomone,−UVR,UNI_Control_4,Female,1,3,B,0.733701916459351,0.450644312610982,0.248138888095375
UNI,UNI_Control,−Kairomone,−UVR,UNI_Control_4,Female,1,3,B,0.782821431156745,0.449353881442557,0.251760029283769
UNI,UNI_Control,−Kairomone,−UVR,UNI_Control_4,Female,1,2,A,0.786175116535443,0.472303297581716,0.23777736140664
UNI,UNI_Control,−Kairomone,−UVR,UNI_Control_4,Female,1,2,A,0.781689271801051,0.466143142236848,0.232855728603838
UNI,UNI_Control,−Kairomone,−UVR,UNI_Control_4,Female,2,0,A,NA,NA,NA
UNI,UNI_Control,−Kairomone,−UVR,UNI_Control_4,Female,2,0,A,NA,NA,NA
UNI,UNI_Control,−Kairomone,−UVR,UNI_Control_4,Female,2,0,A,NA,NA,NA
UNI,UNI_Control,−Kairomone,−UVR,UNI_Control_4,Female,2,0,A,NA,NA,NA
UNI,UNI_Control,−Kairomone,−UVR,UNI_Control_4,Female,2,0,A,NA,NA,NA
UNI,UNI_Control,−Kairomone,−UVR,UNI_Control_4,Female,2,0,A,NA,NA,NA
UNI,UNI_Control,−Kairomone,−UVR,UNI_Control_4,Female,2,0,A,NA,NA,NA
UNI,UNI_Control,−Kairomone,−UVR,UNI_Control_3,Female,1,1,A,0.7772986,0.4867537,0.23247927
UNI,UNI_Control,−Kairomone,−UVR,UNI_Control_3,Female,1,3,B,0.7740825,0.4575313,0.23830886
UNI,UNI_Control,−Kairomone,−UVR,UNI_Control_3,Female,1,3,A,0.7797238,0.4719941,0.25619234
UNI,UNI_Control,−Kairomone,−UVR,UNI_Control_3,Female,1,4,B,0.7393003,0.443899,0.23252113
UNI,UNI_Control,−Kairomone,−UVR,UNI_Control_3,Female,1,3,B,0.7643657,0.4682748,0.2579213
UNI,UNI_Control,−Kairomone,−UVR,UNI_Control_3,Female,1,2,A,0.7582979,0.4748584,0.25217203
UNI,UNI_Control,−Kairomone,−UVR,UNI_Control_3,Female,1,3,B,0.7549364,0.4366039,0.24463657
UNI,UNI_Control,−Kairomone,−UVR,UNI_Control_3,Female,1,2,A,0.7800607,0.471726,0.23555676
UNI,UNI_Control,−Kairomone,−UVR,UNI_Control_4B,Female,1,3,B,0.7773111,0.4509681,0.2288082
UNI,UNI_Control,−Kairomone,−UVR,UNI_Control_4B,Female,1,3,B,0.7923856,0.4623066,0.24791654
UNI,UNI_Control,−Kairomone,−UVR,UNI_Control_4B,Female,1,2,A,0.7736087,0.4473279,0.23755897
UNI,UNI_Control,−Kairomone,−UVR,UNI_Control_4B,Female,1,2,A,0.762091658007042,0.465913424187045,0.241661299475834
UNI,UNI_Control,−Kairomone,−UVR,UNI_Control_4B,Female,1,3,B,0.767419611305974,0.465077129335932,0.199479471055734
UNI,UNI_Control,−Kairomone,−UVR,UNI_Control_4B,Female,1,3,B,0.747439269101714,0.458246895374041,0.225149319034106
UNI,UNI_Control,−Kairomone,−UVR,UNI_Control_4B,Female,1,2,A,0.777198406058664,0.462496048325644,0.260025789437852
UNI,UNI_Control,−Kairomone,−UVR,UNI_Control_4B,Female,1,2,A,0.77643,0.4552282,0.25239064
